window_start,down_up_byte_ratio,downlink_throughput_bps,psz_mean_down,psz_std_down,psz_p90_down,iat_mean_down,iat_cov_down,burst_cnt,burst_bytes_avg,up_tiny_pkt_rate,label
1755335995,58812,156832,735.15,603.7605713,1292,0.034507694,4.567983778,10,5861.3,0,0
1755335998,21389,57037.33333,388.8909091,508.0709211,1292,0.043007555,2.67602565,10,1970.5,0,0
1755336001,9.37037037,1349.333333,63.25,4.763139721,66,0.28577372,0.947587369,2,126.5,0.333333333,0
1755336007,66,176,66,0,66,0,0,0,0,0,0
1755336010,2722,7258.666667,143.2631579,283.9408467,205,0.129520774,1.607085273,3,736.6666667,0,0
1755336013,2083,5554.666667,189.3636364,364.0337828,205,0.201906395,1.555432094,2,909.5,0,0
1755336016,198,528,66,0,66,0.507328987,0.973752897,0,0,0,0
1755336019,294,784,58.8,5.878775383,66,0.557048976,1.07964071,1,108,0,0
1755336022,174,464,58,5.656854249,63.6,0.540439487,0.085497741,0,0,0,0
1755336025,2211,5896,116.3684211,109.9503288,344.2,0.078475104,1.572562972,3,639,0,0
1755336028,17142,45712,451.1052632,530.7678048,1292,0.039758811,2.660403666,6,2349.833333,0,0
1755336031,191594,510917.3333,656.1438356,587.4727098,1292,0.010046897,3.028243238,39,4815.461538,0,0
1755336034,268200,715200,667.1641791,588.244342,1292,0.006877948,3.702831946,36,7438.944444,0,0
1755336037,12666,33776,550.6956522,594.3909879,1292,0.130047733,4.069715831,5,2494.2,0,0
1755336040,6146,16389.33333,439,539.9290959,1290.2,0.040832611,1.752332588,4,1506.5,0,0
1755336043,54219,144584,169.434375,204.0902422,341,0.008054289,2.83666152,24,2085.916667,0,0
1755336046,262172,699125.3333,636.3398058,575.5467481,1292,0.00722979,4.11880076,36,6787.583333,0,0
1755336049,251917,671778.6667,584.4941995,575.4393373,1292,0.006809354,2.611368845,49,5023.836735,0,0
1755336052,192197,512525.3333,602.4984326,591.0067118,1292,0.008141551,3.054655484,49,3903.938776,0,0
1755336055,10898,29061.33333,573.5789474,604.6801082,1462,0.089975662,1.317471589,3,3350.333333,0,0
1755336058,54,144,54,0,54,0,0,0,0,0,0
1755336061,23823,63528,410.7413793,520.6545801,1292,0.034592963,1.895399558,11,1773.909091,0,0
1755336067,20769,55384,506.5609756,549.1955558,1292,0.059426475,2.157144922,9,2201.111111,0,0
1755336073,4077,10872,194.1428571,371.9763543,205,0.083969307,1.72513732,4,956,0,0
1755336076,264,704,66,0,66,0.669811328,0.707249601,1,132,0,0
1755336079,28100,74933.33333,484.4827586,544.2643007,1292,0.021643651,2.045967315,9,2945.666667,0,0
1755336082,301992,805312,626.5394191,579.1995617,1292,0.005987274,3.530850652,39,7715.461538,0,0
1755336085,363115,968306.6667,703.7112403,576.4975846,1292,0.005819379,3.885055354,35,10230.68571,0,0
1755336088,133951,357202.6667,567.5889831,574.743381,1292,0.011991349,5.338005273,23,5803.565217,0,0
1755336091,234633,625688,869.0111111,568.8942848,1292,0.009311848,3.92914322,20,11683.55,0,0
1755336094,198,528,66,0,66,1.002089024,1,1,132,0,0
1755336097,19575,52200,477.4390244,539.0555448,1292,0.027428949,3.890714164,4,4170.75,0,0
1755336100,17192,45845.33333,491.2,541.8669209,1292,0.049067034,3.276752715,3,4721,0,0
1755336103,26850,71600,725.6756757,581.4704591,1292,0.016290612,2.599161465,5,5323.2,0,0
1755336106,20221,53922.66667,449.3555556,541.6582832,1292,0.063039753,3.004067269,5,3873.8,0,0
1755336109,15451,41202.66667,335.8913043,490.7940429,1292,0.032073397,2.091683958,6,2382,0,0
1755336112,145104,386944,901.2670807,549.2657748,1292,0.011156206,3.5135707,11,13118.90909,0,0
1755336115,116924,311797.3333,712.9512195,595.1774259,1292,0.011939932,3.939498448,16,7016.9375,0,0
1755336118,67486,179962.6667,833.1604938,568.8944543,1292,0.034872162,5.570265992,4,16584.75,0,0
1755336121,51607,137618.6667,586.4431818,577.3559218,1292,0.019147643,4.713244456,6,8541.333333,0,0
1755336124,931263,2483368,1033.588235,491.4236338,1292,0.00142948,7.896771865,15,62079.2,0,0
1755336127,149090,397573.3333,683.8990826,582.2767863,1292,0.010949945,5.492274262,25,5790.16,0,0
1755336130,87611,233629.3333,648.9703704,591.9237681,1292,0.020041119,4.044028923,18,4693.222222,0,0
1755336133,43381,115682.6667,594.260274,584.6961048,1292,0.027149641,2.849118781,11,3326.454545,0,0
1755336136,54,144,54,0,54,0,0,0,0,0,0
1755336142,159136,424362.6667,765.0769231,566.5655504,1292,0.001690668,2.920907088,8,19861.125,0,0
1755336145,353742,943312,622.7852113,568.1997203,1292,0.005127878,3.466725421,45,7803.2,0,0
1755336148,230052,613472,616.7613941,563.6623963,1292,0.00786561,2.870447316,44,5152.818182,0,0
1755336151,36749,97997.33333,644.7192982,579.1168944,1292,0.05269361,3.421972333,8,4526.375,0,0
1755336154,299029,797410.6667,720.5518072,566.9290741,1292,0.007090524,8.107840767,28,10648.67857,0,0
1755336157,4613,12301.33333,230.65,394.9669955,851.5,0.153628588,2.154044962,3,1342,0,0
1755336160,225044,600117.3333,601.7219251,564.6670475,1292,0.007958911,5.277351638,41,5278.487805,0,0
1755336163,74050,197466.6667,592.4,582.3829805,1292,0.023954163,2.62148244,18,4004.277778,0,0
1755336166,53523,142728,514.6442308,561.3832319,1292,0.019991495,2.550065242,17,3123.588235,0,0
1755336169,38992,103978.6667,487.4,551.650605,1292,0.027341013,2.775126812,13,2969.076923,0,0
1755336172,66,176,66,0,66,0,0,0,0,0,0
1755336175,15024,40064,349.3953488,461.5718412,1287.4,0.048287954,2.23224272,9,1406.111111,0,0
1755336178,347157,925752,908.7879581,542.2970289,1292,0.007444628,6.462073268,30,11502.2,0,0
1755336181,153916,410442.6667,712.5740741,586.3750017,1292,0.013911911,2.347183532,24,6307.5,0,0
1755336184,173702,463205.3333,789.5545455,580.6646284,1292,0.008171622,2.553429083,24,7103.958333,0,0
1755336187,12649,33730.66667,632.45,572.7058124,1292,0.005109636,1.192196289,3,2493.666667,0,0
1755336273,61420,163786.6667,579.4339623,544.8036174,1292,0.024048753,8.124949794,12,4996.25,0,0
1755336276,971890,2591706.667,1018.752621,495.487196,1292,0.002952929,7.30432619,21,46003.09524,0,0
1755336279,14484.64815,2085789.333,1000.21867,503.995813,1292,0.003092201,6.469411187,23,33918.69565,0.333333333,0
1755336282,582733,1553954.667,967.9950166,520.0888133,1292,0.004782053,5.471314811,25,23131.28,0,0
1755336285,303816,810176,1073.55477,451.9356012,1292,0.005951348,6.112260885,10,30334,0,0
1755336288,13572,36192,315.627907,449.393753,1274,0.034674355,3.505062492,7,1905.142857,0,0
1755336294,335741,895309.3333,1059.119874,458.6981147,1292,0.002943737,5.256438064,11,30489.54545,0,0
1755336297,662486,1766629.333,1033.519501,480.305035,1292,0.004361042,7.25775009,24,27559.91667,0,0
1755336300,648345,1728920,1045.717742,470.9309956,1292,0.004798049,5.478815893,25,25854.4,0,0
1755336303,631300,1683466.667,1019.870759,487.2527113,1292,0.004694133,8.942135067,19,33177.94737,0,0
1755336306,717336,1912896,1026.23176,482.8459362,1292,0.0042542,6.217360204,24,29822.45833,0,0
1755336309,372212,992565.3333,905.6253041,552.1155383,1292,0.003945473,5.169136881,16,23235.75,0,0
1755336312,2919,7784,583.8,563.2723675,1273.4,0.008169532,0.895404248,1,2622,0,0
1755336315,241893,645048,1094.538462,432.1795804,1292,0.0057721,7.922718753,7,34515,0,0
1755336318,171953,458541.3333,1011.488235,494.2828345,1292,0.003090059,5.124381102,6,28623.33333,0,0
1755336321,400728,1068608,894.4821429,556.3103937,1292,0.005234611,4.322284132,22,18067.04545,0,0
1755336324,471373,1256994.667,998.6716102,503.2455682,1292,0.005313166,6.189958779,21,22268.42857,0,0
1755336327,409356,1091616,1005.788698,497.3552852,1292,0.006978912,5.417086075,15,27245,0,0
1755336330,371672,991125.3333,1083.591837,440.1211364,1292,0.00869122,9.043552905,12,30920.83333,0,0
1755336333,104409,278424,855.8114754,565.5317146,1292,0.024355258,4.668460273,6,17255.83333,0,0
1755336336,598965,1597240,1023.871795,488.4898854,1292,0.004720356,4.978422392,28,21342.92857,0,0
1755336339,508489,1355970.667,1077.307203,450.3390965,1292,0.006117093,7.718808132,14,36255.85714,0,0
1755336342,873915,2330440,1045.352871,470.7741473,1292,0.003150244,4.902597758,30,29072.03333,0,0
1755336345,658901,1757069.333,1031.143975,479.9769471,1292,0.004601751,5.232347378,28,23430.53571,0,0
1755336348,352874,940997.3333,1037.864706,471.7740791,1292,0.008748775,5.886864142,13,27090.46154,0,0
1755336351,109306,291482.6667,993.6909091,515.2707981,1292,0.022159423,8.621814592,4,27250.75,0,0
1755336354,217991,581309.3333,1013.911628,485.5892384,1292,0.013473527,7.251625462,10,21763.8,0,0
1755336357,687892,1834378.667,981.3009986,509.1626752,1292,0.004229457,4.550725706,37,18485.97297,0,0
1755336360,387026,1032069.333,1015.816273,491.8322302,1292,0.007335232,6.962997836,17,22622.05882,0,0
1755336363,329062,877498.6667,970.6843658,525.4637879,1292,0.006177514,6.148697932,14,23336.85714,0,0
1755336366,366504,977344,1026.621849,483.0091252,1292,0.007700115,5.288877891,16,22837.125,0,0
1755336369,559438,1491834.667,1034.081331,475.7948626,1292,0.002283889,6.140221303,14,39914.42857,0,0
1755336372,246422,657125.3333,1022.497925,489.6927661,1292,0.010327633,5.576318233,9,26811.77778,0,0
1755336375,485346,1294256,1037.064103,479.6726895,1292,0.006202824,8.253527676,13,37306.30769,0,0
1755336378,176789,471437.3333,945.3957219,533.154976,1292,0.011773603,6.452254256,10,17650.5,0,0
1755336381,196136,523029.3333,1032.294737,489.4036838,1292,0.010654862,6.880082361,7,27981.28571,0,0
1755336384,261957,698552,1039.511905,469.9197456,1292,0.011833677,6.397861323,12,21799.66667,0,0
1755336387,298814,796837.3333,1009.506757,490.4870097,1292,0.00989798,6.297729548,14,21230.42857,0,0
1755336390,73018,194714.6667,1140.90625,396.6800395,1292,0.001655299,4.981258966,1,72875,0,0
1755336396,522535,1393426.667,991.5275142,506.0047201,1292,0.005190027,5.349254199,26,20045.07692,0,0
1755336399,296554,790810.6667,1012.129693,490.1207871,1292,0.010005928,6.523131563,14,21141.5,0,0
1755336402,355355,947613.3333,1051.346154,467.4068667,1292,0.007713282,7.461708463,19,18652.78947,0,0
1755336405,180259,480690.6667,905.8241206,540.1729987,1292,0.014685055,7.023587813,12,14957.58333,0,0
1755336408,377268,1006048,992.8105263,501.2538971,1292,0.007598121,6.440409191,12,31352.58333,0,0
1755336411,1532386,4086362.667,1067.864808,454.962278,1292,0.001886776,7.12528687,31,49369.90323,0,0
1755336414,198,528,66,0,66,0.501937985,0.989876883,1,132,0,0
1755336417,20562,54832,734.3571429,582.8584865,1292,0.097121557,3.884953844,3,6769.666667,0,0
1755336420,6322,16858.66667,486.3076923,553.8100736,1292,0.071683665,1.721929281,1,5978,0,0
1755336423,386684,1031157.333,981.4314721,511.1521142,1292,0.007515819,10.82527524,9,42916.77778,0,0
1755336426,755714,2015237.333,985.285528,505.9570436,1292,0.002555137,4.646316253,32,23586.59375,0,0
1755336429,1210514,3228037.333,1012.982427,491.6801905,1292,0.001641479,5.256768654,34,35465.70588,0,0
1755336432,351873,938328,1034.920588,468.2865351,1292,0.001786779,4.61570937,12,29315.91667,0,0
1755336435,344297,918125.3333,1027.752239,485.6001071,1292,0.000719638,4.979717557,4,86054.75,0,0
1755336438,909111,2424296,1057.105814,456.7782366,1292,0.003096257,5.057655256,24,37840.70833,0,0
1755336441,573018,1528048,998.2891986,491.4456099,1292,0.003795487,4.435794373,23,24828.65217,0,0
1755336444,734919,1959784,1072.874453,448.5617425,1292,0.00436006,5.951818,19,38626.47368,0,0
1755336447,453787,1210098.667,1001.737307,493.1288843,1292,0.006465571,4.267543518,20,22629.65,0,0
1755336450,851334,2270224,1012.287753,493.2827916,1292,0.002959234,4.511112376,31,27318.77419,0,0
1755336453,3701,9869.333333,370.1,29.95146073,400.8,0.000785563,0.550216187,1,3701,0,0
1755336459,19234,51290.66667,519.8378378,569.6533566,1386.2,0.012826946,2.911144977,3,6320,0,0
1755336462,126631,337682.6667,873.3172414,542.9247195,1292,0.020314028,8.642187172,6,21035.83333,0,0
1755336465,778344,2075584,1008.217617,492.1576918,1292,0.003627447,5.755502488,21,36573,0,0
1755336468,6497,17325.33333,360.9444444,503.7730389,1292,0.139165822,2.567700935,4,1524.5,0,0
1755336471,209586,558896,988.6132075,513.3393738,1292,0.013245805,9.329670021,9,23201.11111,0,0
1755336474,90897,242392,865.6857143,563.9694236,1292,0.025224009,5.965573976,9,10068.11111,0,0
1755336477,47758,127354.6667,782.9180328,582.8474,1292,0.018343298,2.818976603,5,9207.2,0,0
1755336480,3890,10373.33333,216.1111111,397.5484441,543.4,0.047927702,1.864316535,4,956,0,0
1755336483,264,704,66,0,66,0.66897432,0.707075845,1,132,0,0
1755336486,66,176,66,0,66,0,0,0,0,0,0
1755336489,6151,16402.66667,473.1538462,552.9131029,1292,0.166618745,2.576290466,3,2003.333333,0,0
1755336492,41123,109661.3333,893.9782609,558.7344196,1292,0.062488042,5.250606452,3,13593,0,0
1755336495,2071,5522.666667,188.2727273,364.419611,205,0.2874511,1.783340839,2,909.5,0,0
1755336498,330,880,66,0,66,0.502891243,0.968033795,1,132,0,0
1755336501,264,704,66,0,66,0.667620023,1.400294412,1,132,0,0
1755336504,117257,312685.3333,797.6666667,583.1555764,1292,0.012083919,4.689046088,8,14631.5,0,0
1755336507,624,1664,124.8,110.3148222,243.6,0.542927742,1.49846922,1,437,0,0
1755336510,1006,2682.666667,201.2,145.2947349,383.4,0.445538759,1.0782877,1,754,0,0
1755336652,23099,61597.33333,471.4081633,557.1484951,1292,0.056767628,2.563664812,7,3221.714286,0,0
1755336655,20680,55146.66667,328.2539683,431.2504877,1073.6,0.046947514,2.488035525,13,1434.615385,0,0
1755336658,53293,142114.6667,642.0843373,560.0297153,1292,0.027739112,2.981736598,11,4631.818182,0,0
1755336661,179653,479074.6667,787.9517544,576.6514746,1292,0.008393018,2.843871964,18,9759.333333,0,0
1755336664,68805,183480,608.8938053,580.540233,1292,0.019314195,7.155678702,8,8490.375,0,0
1755336667,212871,567656,848.0916335,562.4620851,1292,0.010589336,4.714892504,21,10017.90476,0,0
1755336670,14346,38256,512.3571429,562.1433609,1292,0.086834704,2.6411889,6,2331.333333,0,0
1755336673,103650,276400,893.5344828,551.9519505,1292,0.013941748,3.299564725,11,9292.181818,0,0
1755336676,312627,833672,842.6603774,566.8552519,1292,0.007756281,3.615775011,22,13978.36364,0,0
1755336679,185689,495170.6667,933.1105528,526.8548739,1292,0.014950283,6.999992003,18,10203.33333,0,0
1755336682,92155,245746.6667,822.8125,560.7437588,1292,0.012258586,2.761926385,11,8283.636364,0,0
1755336685,289,770.6666667,289,0,289,0,0,0,0,0,0
1755336688,197489,526637.3333,982.5323383,512.8548525,1292,0.014357005,4.098014306,10,19481.9,0,0
1755336691,112149,299064,824.625,569.8395793,1292,0.014677334,3.155936606,11,9983.454545,0,0
1755336694,240164,640437.3333,941.8196078,534.7251583,1292,0.010403389,3.32857747,15,15855.86667,0,0
1755336697,303755,810013.3333,860.4957507,569.0744193,1292,0.006263222,6.881817226,9,32934.55556,0,0
1755336700,245777,655405.3333,862.3754386,570.2719106,1292,0.010411722,3.325144452,17,14344.82353,0,0
1755336703,449595,1198920,1050.455607,471.5409967,1292,0.006789337,4.063039254,20,22361,0,0
1755336706,192804,514144,841.9388646,567.4650255,1292,0.008612214,4.466912016,13,14550.07692,0,0
1755336712,19535,52093.33333,651.1666667,599.9551141,1292,0.013043724,2.167106767,6,3244.666667,0,0
1755336715,5488,14634.66667,196,344.426231,347,0.096949851,2.305606243,7,735.1428571,0,0
1755336718,20590,54906.66667,332.0967742,447.6800668,1285,0.047296231,1.779021063,12,1452.833333,0,0
1755336721,233238,621968,668.3037249,592.1120901,1292,0.00827221,4.961903822,23,10017.65217,0,0
1755336724,179691,479176,730.4512195,580.6029208,1292,0.010657906,3.016851062,20,8649.5,0,0
1755336727,304196,811189.3333,965.7015873,521.1376077,1292,0.005862036,3.719657406,15,20054,0,0
1755336730,445914,1189104,833.4841121,573.0420604,1292,0.005473594,3.901114779,38,11506.18421,0,0
1755336733,387178,1032474.667,795.026694,578.2407445,1292,0.006086169,3.036555442,35,10892.88571,0,0
1755336736,151044,402784,719.2571429,579.3116939,1292,0.013220378,2.591441261,23,6353.913043,0,0
1755336739,330779,882077.3333,911.2369146,545.9679544,1292,0.007997483,4.254615264,14,23504.14286,0,0
1755336742,361017,962712,878.3868613,555.1744416,1292,0.007254876,2.997972759,28,12739.71429,0,0
1755336745,320117,853645.3333,925.1936416,535.6799256,1292,0.008603605,2.899722767,28,11280.25,0,0
1755336748,113300,302133.3333,760.4026846,578.1090434,1292,0.01838046,3.204891981,15,7387.8,0,0
1755336751,150900,402400,872.2543353,554.284827,1292,0.015684302,3.018277761,14,10667.71429,0,0
1755336754,18749,49997.33333,646.5172414,566.3035387,1292,0.074632926,4.079392611,4,4649.75,0,0
1755336757,16564,44170.66667,318.5384615,468.0795651,1470.6,0.025879374,2.759743043,9,1704.777778,0,0
1755336760,133019,354717.3333,898.777027,541.506168,1292,0.004284932,3.984065886,10,13294.3,0,0
1755336763,916672,2444458.667,919.4302909,581.0872737,1466,0.002364265,12.56383896,23,39770.30435,0,0
1755336766,39486,105296,759.3461538,584.2726868,1292,0.030185863,3.660718035,7,5611.714286,0,0
1755336769,17160,45760,572,552.562636,1292,0.014435275,2.638388356,6,2826.166667,0,0
1755336772,6330,16880,527.5,557.7128144,1292,0.020751346,2.758040621,3,2110,0,0
1755336775,778586,2076229.333,951.8166259,533.985944,1292,0.003655934,7.556850661,22,35341.27273,0,0
1755336778,251377,670338.6667,907.4981949,555.6277721,1292,0.010152638,6.990445501,18,13687.66667,0,0
1755336781,1697.484848,298757.3333,836.0746269,563.5414753,1292,0.012546421,6.237335046,9,12415.55556,0.333333333,0
1755336784,208059,554824,779.247191,593.1726533,1292,0.004404892,4.688937194,15,13827.2,0,0
1755336787,12558,33488,380.5454545,479.5861278,1292,0.037000932,1.583161508,5,2056.8,0,0
1755336790,243774,650064,843.5086505,578.7125857,1292,0.010329132,8.420673503,18,13480.94444,0,0
1755336793,2881988,7685301.333,1037.806266,479.8711535,1292,0.001065818,4.668457069,63,45683.50794,0,0
1755336796,952885,2541026.667,1010.482503,504.9404944,1292,0.003123515,13.30287293,29,32569.48276,0,0
1755336802,2890,7706.666667,206.4285714,324.4726963,270.7,0.066995694,1.60358357,3,901,0,0
1755336805,534481,1425282.667,571.6374332,579.5194359,1292,0.003053369,6.878813573,36,14799.33333,0,0
1755336808,170051,453469.3333,833.5833333,581.5793557,1292,0.009801745,4.157757102,13,12851.46154,0,0
1755336811,307,818.6666667,61.4,5.642694392,66,0.50390774,1.005535509,1,121,0,0
1755336814,521790,1391440,704.1700405,588.8470064,1292,0.003420812,5.710746631,33,15743.66667,0,0
1755336817,1051913,2805101.333,705.5083836,578.333291,1292,0.001960333,6.067105652,47,22329.51064,0,0
1755336820,486083,1296221.333,896.8321033,553.0792963,1292,0.004830841,4.717307021,24,20149.95833,0,0
1755336823,1146,3056,57.3,5.18748494,66,0.105456001,1.741170653,4,214.5,0,0
1755336826,405039,1080104,983.1043689,514.1137782,1292,0.004515248,4.683326575,23,17555.30435,0,0
1755336829,437993,1167981.333,1057.954106,457.5497864,1292,0.007224082,4.924463062,15,29090.86667,0,0
1755336832,577812,1540832,1062.154412,457.3358252,1292,0.004487398,4.76564299,19,30317.68421,0,0
1755336835,269115,717640,791.5147059,575.8667864,1292,0.006573481,6.784486415,11,24026.90909,0,0
1755336838,370170,987120,1060.659026,462.5160802,1292,0.006241434,5.659764415,19,19357.89474,0,0
1755336844,458949,1223864,1019.886667,490.6827516,1292,0.005637545,4.145877513,20,22849.6,0,0
1755336847,324636,865696,847.613577,568.0622985,1292,0.007634872,3.178094635,29,11089.75862,0,0
1755336850,636531,1697416,665.8274059,581.1085069,1292,0.003014459,4.294460583,63,10074.80952,0,0
1755336853,396207,1056552,669.2685811,587.4662243,1292,0.002761489,4.788111406,32,12370.5,0,0
1755336856,483724,1289930.667,694.0086083,574.4021981,1292,0.002157056,4.928358012,34,14218.44118,0,0
1755336859,83700,223200,675,586.1883986,1292,0.004568821,2.20779842,20,4112.4,0,0
1755336862,280472,747925.3333,1038.785185,478.3374043,1292,0.00531377,8.210970017,12,23300.5,0,0
1755336865,686459,1830557.333,1060.987635,456.7623476,1292,0.004511145,5.478815916,24,28424.375,0,0
1755336868,315265,840706.6667,1033.655738,474.068304,1292,0.009701927,7.690570779,10,31412.6,0,0
1755336871,337537,900098.6667,1054.803125,468.480838,1292,0.004885317,5.582370398,12,28064.75,0,0
1755336874,1518,4048,60.72,10.77597327,78,0.003356079,2.403275641,4,379.5,0,0
1755336877,290071,773522.6667,1094.607547,427.7037556,1292,0.009448136,6.467885659,16,17831.5,0,0
1755336880,49876,133002.6667,656.2631579,599.4508094,1292,0.038390452,1.892956157,14,2713.357143,0,0
1755336883,26410,70426.66667,377.2857143,512.9863307,1292,0.037532146,1.549794806,15,1412.533333,0,0
1755336886,69903,186408,720.6494845,580.9649996,1292,0.029992906,3.313100745,13,5060,0,0
1755336889,476315,1270173.333,952.63,524.1109969,1292,0.005896751,3.814891069,29,15948.48276,0,0
1755336892,1425948,3802528,1046.951542,474.2902331,1292,0.002163965,4.777234896,46,30817.15217,0,0
1755336895,417,1112,69.5,1.5,71,0.148254824,0.990088355,0,0,0,0
1755336652,23099,61597.33333,471.4081633,557.1484951,1292,0.056767628,2.563664812,7,3221.714286,0,0
1755336655,20680,55146.66667,328.2539683,431.2504877,1073.6,0.046947514,2.488035525,13,1434.615385,0,0
1755336658,53293,142114.6667,642.0843373,560.0297153,1292,0.027739112,2.981736598,11,4631.818182,0,0
1755336661,179653,479074.6667,787.9517544,576.6514746,1292,0.008393018,2.843871964,18,9759.333333,0,0
1755336664,68805,183480,608.8938053,580.540233,1292,0.019314195,7.155678702,8,8490.375,0,0
1755336667,212871,567656,848.0916335,562.4620851,1292,0.010589336,4.714892504,21,10017.90476,0,0
1755336670,14346,38256,512.3571429,562.1433609,1292,0.086834704,2.6411889,6,2331.333333,0,0
1755336673,103650,276400,893.5344828,551.9519505,1292,0.013941748,3.299564725,11,9292.181818,0,0
1755336676,312627,833672,842.6603774,566.8552519,1292,0.007756281,3.615775011,22,13978.36364,0,0
1755336679,185689,495170.6667,933.1105528,526.8548739,1292,0.014950283,6.999992003,18,10203.33333,0,0
1755336682,92155,245746.6667,822.8125,560.7437588,1292,0.012258586,2.761926385,11,8283.636364,0,0
1755336685,289,770.6666667,289,0,289,0,0,0,0,0,0
1755336688,197489,526637.3333,982.5323383,512.8548525,1292,0.014357005,4.098014306,10,19481.9,0,0
1755336691,112149,299064,824.625,569.8395793,1292,0.014677334,3.155936606,11,9983.454545,0,0
1755336694,240164,640437.3333,941.8196078,534.7251583,1292,0.010403389,3.32857747,15,15855.86667,0,0
1755336697,303755,810013.3333,860.4957507,569.0744193,1292,0.006263222,6.881817226,9,32934.55556,0,0
1755336700,245777,655405.3333,862.3754386,570.2719106,1292,0.010411722,3.325144452,17,14344.82353,0,0
1755336703,449595,1198920,1050.455607,471.5409967,1292,0.006789337,4.063039254,20,22361,0,0
1755336706,192804,514144,841.9388646,567.4650255,1292,0.008612214,4.466912016,13,14550.07692,0,0
1755336712,19535,52093.33333,651.1666667,599.9551141,1292,0.013043724,2.167106767,6,3244.666667,0,0
1755336715,5488,14634.66667,196,344.426231,347,0.096949851,2.305606243,7,735.1428571,0,0
1755336718,20590,54906.66667,332.0967742,447.6800668,1285,0.047296231,1.779021063,12,1452.833333,0,0
1755336721,233238,621968,668.3037249,592.1120901,1292,0.00827221,4.961903822,23,10017.65217,0,0
1755336724,179691,479176,730.4512195,580.6029208,1292,0.010657906,3.016851062,20,8649.5,0,0
1755336727,304196,811189.3333,965.7015873,521.1376077,1292,0.005862036,3.719657406,15,20054,0,0
1755336730,445914,1189104,833.4841121,573.0420604,1292,0.005473594,3.901114779,38,11506.18421,0,0
1755336733,387178,1032474.667,795.026694,578.2407445,1292,0.006086169,3.036555442,35,10892.88571,0,0
1755336736,151044,402784,719.2571429,579.3116939,1292,0.013220378,2.591441261,23,6353.913043,0,0
1755336739,330779,882077.3333,911.2369146,545.9679544,1292,0.007997483,4.254615264,14,23504.14286,0,0
1755336742,361017,962712,878.3868613,555.1744416,1292,0.007254876,2.997972759,28,12739.71429,0,0
1755336745,320117,853645.3333,925.1936416,535.6799256,1292,0.008603605,2.899722767,28,11280.25,0,0
1755336748,113300,302133.3333,760.4026846,578.1090434,1292,0.01838046,3.204891981,15,7387.8,0,0
1755336751,150900,402400,872.2543353,554.284827,1292,0.015684302,3.018277761,14,10667.71429,0,0
1755336754,18749,49997.33333,646.5172414,566.3035387,1292,0.074632926,4.079392611,4,4649.75,0,0
1755336757,16564,44170.66667,318.5384615,468.0795651,1470.6,0.025879374,2.759743043,9,1704.777778,0,0
1755336760,133019,354717.3333,898.777027,541.506168,1292,0.004284932,3.984065886,10,13294.3,0,0
1755336763,916672,2444458.667,919.4302909,581.0872737,1466,0.002364265,12.56383896,23,39770.30435,0,0
1755336766,39486,105296,759.3461538,584.2726868,1292,0.030185863,3.660718035,7,5611.714286,0,0
1755336769,17160,45760,572,552.562636,1292,0.014435275,2.638388356,6,2826.166667,0,0
1755336772,6330,16880,527.5,557.7128144,1292,0.020751346,2.758040621,3,2110,0,0
1755336775,778586,2076229.333,951.8166259,533.985944,1292,0.003655934,7.556850661,22,35341.27273,0,0
1755336778,251377,670338.6667,907.4981949,555.6277721,1292,0.010152638,6.990445501,18,13687.66667,0,0
1755336781,1697.484848,298757.3333,836.0746269,563.5414753,1292,0.012546421,6.237335046,9,12415.55556,0.333333333,0
1755336784,208059,554824,779.247191,593.1726533,1292,0.004404892,4.688937194,15,13827.2,0,0
1755336787,12558,33488,380.5454545,479.5861278,1292,0.037000932,1.583161508,5,2056.8,0,0
1755336790,243774,650064,843.5086505,578.7125857,1292,0.010329132,8.420673503,18,13480.94444,0,0
1755336793,2881988,7685301.333,1037.806266,479.8711535,1292,0.001065818,4.668457069,63,45683.50794,0,0
1755336796,952885,2541026.667,1010.482503,504.9404944,1292,0.003123515,13.30287293,29,32569.48276,0,0
1755336802,2890,7706.666667,206.4285714,324.4726963,270.7,0.066995694,1.60358357,3,901,0,0
1755336805,534481,1425282.667,571.6374332,579.5194359,1292,0.003053369,6.878813573,36,14799.33333,0,0
1755336808,170051,453469.3333,833.5833333,581.5793557,1292,0.009801745,4.157757102,13,12851.46154,0,0
1755336811,307,818.6666667,61.4,5.642694392,66,0.50390774,1.005535509,1,121,0,0
1755336814,521790,1391440,704.1700405,588.8470064,1292,0.003420812,5.710746631,33,15743.66667,0,0
1755336817,1051913,2805101.333,705.5083836,578.333291,1292,0.001960333,6.067105652,47,22329.51064,0,0
1755336820,486083,1296221.333,896.8321033,553.0792963,1292,0.004830841,4.717307021,24,20149.95833,0,0
1755336823,1146,3056,57.3,5.18748494,66,0.105456001,1.741170653,4,214.5,0,0
1755336826,405039,1080104,983.1043689,514.1137782,1292,0.004515248,4.683326575,23,17555.30435,0,0
1755336829,437993,1167981.333,1057.954106,457.5497864,1292,0.007224082,4.924463062,15,29090.86667,0,0
1755336832,577812,1540832,1062.154412,457.3358252,1292,0.004487398,4.76564299,19,30317.68421,0,0
1755336835,269115,717640,791.5147059,575.8667864,1292,0.006573481,6.784486415,11,24026.90909,0,0
1755336838,370170,987120,1060.659026,462.5160802,1292,0.006241434,5.659764415,19,19357.89474,0,0
1755336844,458949,1223864,1019.886667,490.6827516,1292,0.005637545,4.145877513,20,22849.6,0,0
1755336847,324636,865696,847.613577,568.0622985,1292,0.007634872,3.178094635,29,11089.75862,0,0
1755336850,636531,1697416,665.8274059,581.1085069,1292,0.003014459,4.294460583,63,10074.80952,0,0
1755336853,396207,1056552,669.2685811,587.4662243,1292,0.002761489,4.788111406,32,12370.5,0,0
1755336856,483724,1289930.667,694.0086083,574.4021981,1292,0.002157056,4.928358012,34,14218.44118,0,0
1755336859,83700,223200,675,586.1883986,1292,0.004568821,2.20779842,20,4112.4,0,0
1755336862,280472,747925.3333,1038.785185,478.3374043,1292,0.00531377,8.210970017,12,23300.5,0,0
1755336865,686459,1830557.333,1060.987635,456.7623476,1292,0.004511145,5.478815916,24,28424.375,0,0
1755336868,315265,840706.6667,1033.655738,474.068304,1292,0.009701927,7.690570779,10,31412.6,0,0
1755336871,337537,900098.6667,1054.803125,468.480838,1292,0.004885317,5.582370398,12,28064.75,0,0
1755336874,1518,4048,60.72,10.77597327,78,0.003356079,2.403275641,4,379.5,0,0
1755336877,290071,773522.6667,1094.607547,427.7037556,1292,0.009448136,6.467885659,16,17831.5,0,0
1755336880,49876,133002.6667,656.2631579,599.4508094,1292,0.038390452,1.892956157,14,2713.357143,0,0
1755336883,26410,70426.66667,377.2857143,512.9863307,1292,0.037532146,1.549794806,15,1412.533333,0,0
1755336886,69903,186408,720.6494845,580.9649996,1292,0.029992906,3.313100745,13,5060,0,0
1755336889,476315,1270173.333,952.63,524.1109969,1292,0.005896751,3.814891069,29,15948.48276,0,0
1755336892,1425948,3802528,1046.951542,474.2902331,1292,0.002163965,4.777234896,46,30817.15217,0,0
1755336895,417,1112,69.5,1.5,71,0.148254824,0.990088355,0,0,0,0
1755336652,23099,61597.33333,471.4081633,557.1484951,1292,0.056767628,2.563664812,7,3221.714286,0,0
1755336655,20680,55146.66667,328.2539683,431.2504877,1073.6,0.046947514,2.488035525,13,1434.615385,0,0
1755336658,53293,142114.6667,642.0843373,560.0297153,1292,0.027739112,2.981736598,11,4631.818182,0,0
1755336661,179653,479074.6667,787.9517544,576.6514746,1292,0.008393018,2.843871964,18,9759.333333,0,0
1755336664,68805,183480,608.8938053,580.540233,1292,0.019314195,7.155678702,8,8490.375,0,0
1755336667,212871,567656,848.0916335,562.4620851,1292,0.010589336,4.714892504,21,10017.90476,0,0
1755336670,14346,38256,512.3571429,562.1433609,1292,0.086834704,2.6411889,6,2331.333333,0,0
1755336673,103650,276400,893.5344828,551.9519505,1292,0.013941748,3.299564725,11,9292.181818,0,0
1755336676,312627,833672,842.6603774,566.8552519,1292,0.007756281,3.615775011,22,13978.36364,0,0
1755336679,185689,495170.6667,933.1105528,526.8548739,1292,0.014950283,6.999992003,18,10203.33333,0,0
1755336682,92155,245746.6667,822.8125,560.7437588,1292,0.012258586,2.761926385,11,8283.636364,0,0
1755336685,289,770.6666667,289,0,289,0,0,0,0,0,0
1755336688,197489,526637.3333,982.5323383,512.8548525,1292,0.014357005,4.098014306,10,19481.9,0,0
1755336691,112149,299064,824.625,569.8395793,1292,0.014677334,3.155936606,11,9983.454545,0,0
1755336694,240164,640437.3333,941.8196078,534.7251583,1292,0.010403389,3.32857747,15,15855.86667,0,0
1755336697,303755,810013.3333,860.4957507,569.0744193,1292,0.006263222,6.881817226,9,32934.55556,0,0
1755336700,245777,655405.3333,862.3754386,570.2719106,1292,0.010411722,3.325144452,17,14344.82353,0,0
1755336703,449595,1198920,1050.455607,471.5409967,1292,0.006789337,4.063039254,20,22361,0,0
1755336706,192804,514144,841.9388646,567.4650255,1292,0.008612214,4.466912016,13,14550.07692,0,0
1755336712,19535,52093.33333,651.1666667,599.9551141,1292,0.013043724,2.167106767,6,3244.666667,0,0
1755336715,5488,14634.66667,196,344.426231,347,0.096949851,2.305606243,7,735.1428571,0,0
1755336718,20590,54906.66667,332.0967742,447.6800668,1285,0.047296231,1.779021063,12,1452.833333,0,0
1755336721,233238,621968,668.3037249,592.1120901,1292,0.00827221,4.961903822,23,10017.65217,0,0
1755336724,179691,479176,730.4512195,580.6029208,1292,0.010657906,3.016851062,20,8649.5,0,0
1755336727,304196,811189.3333,965.7015873,521.1376077,1292,0.005862036,3.719657406,15,20054,0,0
1755336730,445914,1189104,833.4841121,573.0420604,1292,0.005473594,3.901114779,38,11506.18421,0,0
1755336733,387178,1032474.667,795.026694,578.2407445,1292,0.006086169,3.036555442,35,10892.88571,0,0
1755336736,151044,402784,719.2571429,579.3116939,1292,0.013220378,2.591441261,23,6353.913043,0,0
1755336739,330779,882077.3333,911.2369146,545.9679544,1292,0.007997483,4.254615264,14,23504.14286,0,0
1755336742,361017,962712,878.3868613,555.1744416,1292,0.007254876,2.997972759,28,12739.71429,0,0
1755336745,320117,853645.3333,925.1936416,535.6799256,1292,0.008603605,2.899722767,28,11280.25,0,0
1755336748,113300,302133.3333,760.4026846,578.1090434,1292,0.01838046,3.204891981,15,7387.8,0,0
1755336751,150900,402400,872.2543353,554.284827,1292,0.015684302,3.018277761,14,10667.71429,0,0
1755336754,18749,49997.33333,646.5172414,566.3035387,1292,0.074632926,4.079392611,4,4649.75,0,0
1755336757,16564,44170.66667,318.5384615,468.0795651,1470.6,0.025879374,2.759743043,9,1704.777778,0,0
1755336760,133019,354717.3333,898.777027,541.506168,1292,0.004284932,3.984065886,10,13294.3,0,0
1755336763,916672,2444458.667,919.4302909,581.0872737,1466,0.002364265,12.56383896,23,39770.30435,0,0
1755336766,39486,105296,759.3461538,584.2726868,1292,0.030185863,3.660718035,7,5611.714286,0,0
1755336769,17160,45760,572,552.562636,1292,0.014435275,2.638388356,6,2826.166667,0,0
1755336772,6330,16880,527.5,557.7128144,1292,0.020751346,2.758040621,3,2110,0,0
1755336775,778586,2076229.333,951.8166259,533.985944,1292,0.003655934,7.556850661,22,35341.27273,0,0
1755336778,251377,670338.6667,907.4981949,555.6277721,1292,0.010152638,6.990445501,18,13687.66667,0,0
1755336781,1697.484848,298757.3333,836.0746269,563.5414753,1292,0.012546421,6.237335046,9,12415.55556,0.333333333,0
1755336784,208059,554824,779.247191,593.1726533,1292,0.004404892,4.688937194,15,13827.2,0,0
1755336787,12558,33488,380.5454545,479.5861278,1292,0.037000932,1.583161508,5,2056.8,0,0
1755336790,243774,650064,843.5086505,578.7125857,1292,0.010329132,8.420673503,18,13480.94444,0,0
1755336793,2881988,7685301.333,1037.806266,479.8711535,1292,0.001065818,4.668457069,63,45683.50794,0,0
1755336796,952885,2541026.667,1010.482503,504.9404944,1292,0.003123515,13.30287293,29,32569.48276,0,0
1755336802,2890,7706.666667,206.4285714,324.4726963,270.7,0.066995694,1.60358357,3,901,0,0
1755336805,534481,1425282.667,571.6374332,579.5194359,1292,0.003053369,6.878813573,36,14799.33333,0,0
1755336808,170051,453469.3333,833.5833333,581.5793557,1292,0.009801745,4.157757102,13,12851.46154,0,0
1755336811,307,818.6666667,61.4,5.642694392,66,0.50390774,1.005535509,1,121,0,0
1755336814,521790,1391440,704.1700405,588.8470064,1292,0.003420812,5.710746631,33,15743.66667,0,0
1755336817,1051913,2805101.333,705.5083836,578.333291,1292,0.001960333,6.067105652,47,22329.51064,0,0
1755336820,486083,1296221.333,896.8321033,553.0792963,1292,0.004830841,4.717307021,24,20149.95833,0,0
1755336823,1146,3056,57.3,5.18748494,66,0.105456001,1.741170653,4,214.5,0,0
1755336826,405039,1080104,983.1043689,514.1137782,1292,0.004515248,4.683326575,23,17555.30435,0,0
1755336829,437993,1167981.333,1057.954106,457.5497864,1292,0.007224082,4.924463062,15,29090.86667,0,0
1755336832,577812,1540832,1062.154412,457.3358252,1292,0.004487398,4.76564299,19,30317.68421,0,0
1755336835,269115,717640,791.5147059,575.8667864,1292,0.006573481,6.784486415,11,24026.90909,0,0
1755336838,370170,987120,1060.659026,462.5160802,1292,0.006241434,5.659764415,19,19357.89474,0,0
1755336844,458949,1223864,1019.886667,490.6827516,1292,0.005637545,4.145877513,20,22849.6,0,0
1755336847,324636,865696,847.613577,568.0622985,1292,0.007634872,3.178094635,29,11089.75862,0,0
1755336850,636531,1697416,665.8274059,581.1085069,1292,0.003014459,4.294460583,63,10074.80952,0,0
1755336853,396207,1056552,669.2685811,587.4662243,1292,0.002761489,4.788111406,32,12370.5,0,0
1755336856,483724,1289930.667,694.0086083,574.4021981,1292,0.002157056,4.928358012,34,14218.44118,0,0
1755336859,83700,223200,675,586.1883986,1292,0.004568821,2.20779842,20,4112.4,0,0
1755336862,280472,747925.3333,1038.785185,478.3374043,1292,0.00531377,8.210970017,12,23300.5,0,0
1755336865,686459,1830557.333,1060.987635,456.7623476,1292,0.004511145,5.478815916,24,28424.375,0,0
1755336868,315265,840706.6667,1033.655738,474.068304,1292,0.009701927,7.690570779,10,31412.6,0,0
1755336871,337537,900098.6667,1054.803125,468.480838,1292,0.004885317,5.582370398,12,28064.75,0,0
1755336874,1518,4048,60.72,10.77597327,78,0.003356079,2.403275641,4,379.5,0,0
1755336877,290071,773522.6667,1094.607547,427.7037556,1292,0.009448136,6.467885659,16,17831.5,0,0
1755336880,49876,133002.6667,656.2631579,599.4508094,1292,0.038390452,1.892956157,14,2713.357143,0,0
1755336883,26410,70426.66667,377.2857143,512.9863307,1292,0.037532146,1.549794806,15,1412.533333,0,0
1755336886,69903,186408,720.6494845,580.9649996,1292,0.029992906,3.313100745,13,5060,0,0
1755336889,476315,1270173.333,952.63,524.1109969,1292,0.005896751,3.814891069,29,15948.48276,0,0
1755336892,1425948,3802528,1046.951542,474.2902331,1292,0.002163965,4.777234896,46,30817.15217,0,0
1755336895,417,1112,69.5,1.5,71,0.148254824,0.990088355,0,0,0,0
1755334940,18451,49202.66667,439.3095238,535.3450818,1292,0.069447756,2.276582466,5,3524.2,0,1
1755334943,9756,26016,165.3559322,266.4602723,429,0.046989692,1.402737909,11,742.3636364,0,1
1755334946,5177,13805.33333,132.7435897,268.6265846,85,0.073786974,1.662002938,5,710.4,0,1
1755334949,1259187,3357832,1015.473387,503.8609136,1292,0.002389635,8.882609631,13,96798.07692,0,1
1755334952,1046318,2790181.333,1039.044687,489.2435449,1292,0.002553374,7.038851781,21,49655,0,1
1755334955,2970,7920,198,281.3076608,667.8,0.158990502,2.931503178,3,899.3333333,0,1
1755334958,5534,14757.33333,197.6428571,313.7408182,582,0.052247595,1.441931102,6,636.3333333,0,1
1755334961,51.90740741,7474.666667,121.8695652,248.0843658,74.2,0.120934681,1.200571559,8,293.125,0.333333333,1
1755334964,249247,664658.6667,817.2032787,578.6461854,1292,0.00926479,6.095145354,17,14606.64706,0,1
1755334967,946464,2523904,1027.648208,498.806628,1292,0.002905553,8.319303328,17,55482.17647,0,1
1755334970,1923,5128,213.6666667,379.0332732,349,0.025278389,2.264113771,2,961.5,0,1
1755334973,605,1613.333333,60.5,5.5,66,0.221733782,0.972679054,1,121,0,1
1755334976,121,322.6666667,60.5,5.5,64.9,0.313812971,0,0,0,0,1
1755334979,6665,17773.33333,266.6,370.5676726,847.4,0.089165956,1.72005621,6,652.6666667,0,1
1755334982,1244516,3318709.333,870.2909091,571.1542582,1292,0.001959566,9.061412007,35,35491.74286,0,1
1755334985,1898812,5063498.667,1046.17741,484.3035719,1292,0.001209255,14.02763619,23,82430.13043,0,1
1755334988,29450,78533.33333,640.2173913,600.4481266,1292,0.024843709,3.776820311,5,5878,0,1
1755334991,24701,65869.33333,588.1190476,589.922723,1292,0.041403166,3.317221358,6,4059.166667,0,1
1755334994,2154,5744,153.8571429,104.7738088,336.2,0.011540523,1.053721122,4,411,0,1
1755334997,3541,9442.666667,295.0833333,384.8589478,827.2,0.078534538,1.879772136,3,1088,0,1
1755335003,282147,752392,717.9312977,592.1662203,1292,0.006168974,12.34155184,16,17571.125,0,1
1755335006,1024938,2733168,1097.364026,442.0183247,1292,0.00314859,11.96759745,14,73160.5,0,1
1755335009,39461,105229.3333,433.6373626,521.8487743,1292,0.031498154,3.494332757,12,3147.083333,0,1
1755335012,1572256,4192682.667,1009.79833,507.2112697,1292,0.001338443,9.943068716,21,74807.19048,0,1
1755335015,8060,21493.33333,141.4035088,272.4729415,149.8,0.049871287,1.444655484,8,642.25,0,1
1755335018,5118,13648,182.7857143,285.2972582,543,0.107214292,1.604380979,5,850.2,0,1
1755335021,23116,61642.66667,304.1578947,471.5120988,1307.5,0.037900174,3.028363082,11,2044.818182,0,1
1755335024,4112,10965.33333,186.9090909,356.3153492,196.4,0.130249898,1.837824589,5,761.2,0,1
1755335027,467277,1246072,863.728281,571.0182154,1292,0.004054389,5.541858755,20,23245.9,0,1
1755335030,2130,5680,152.1428571,190.0642212,297,0.116981378,1.765953747,3,422.3333333,0,1
1755335033,3574,9530.666667,210.2352941,361.6902362,519.6,0.125017568,1.95709773,4,860.5,0,1
1755335039,66,176,66,0,66,0,0,0,0,0,1
1755335042,1592733,4247288,1031.562824,491.827769,1292,0.001498832,9.605092184,22,72363.31818,0,1
1755335045,270716,721909.3333,1037.226054,486.779721,1292,0.009381108,13.51522352,8,33669.75,0,1
1755335048,1952,5205.333333,216.8888889,378.0994709,359.4,0.014494985,1.830439751,3,650.6666667,0,1
1755335051,500397,1334392,845.2652027,572.8871277,1292,0.001610211,4.891446915,17,29403.82353,0,1
1755335054,1669848,4452928,1136.724302,403.9056308,1292,0.000833677,16.03739855,9,185225.1111,0,1
1755335057,11906,31749.33333,626.6315789,489.9290185,1288.8,0.091043168,2.870690924,5,1941.6,0,1
1755335060,920676,2455136,1034.467416,490.5876476,1292,0.001379264,6.983857158,12,76591.33333,0,1
1755335063,7767,20712,287.6666667,444.6069425,1287.8,0.078022232,1.89948651,9,746.1111111,0,1
1755335066,242,645.3333333,60.5,5.5,66,0.727647702,0.951461068,0,0,0,1
1755335069,3728,9941.333333,233,384.0773034,697,0.019618734,1.376082905,4,575.75,0,1
1755335072,4915,13106.66667,204.7916667,308.276929,611,0.119909743,2.19168549,7,536.5714286,0,1
1755335078,38253,102008,637.55,576.0913824,1292,0.002850371,2.671074016,5,7597.6,0,1
1755335081,1684928,4493141.333,1059.037084,474.5855798,1292,0.001288471,10.75471989,18,93600.44444,0,1
1755335084,1467,3912,183.375,272.9193734,358,0.022987706,1.833111426,2,696,0,1
1755335087,208628,556341.3333,654.0062696,582.7530596,1292,0.001749566,3.643543977,12,17239.58333,0,1
1755335090,1739794,4639450.667,1083.983801,454.8852757,1292,0.001461481,16.98773235,13,133699.0769,0,1
1755335093,6975,18600,317.0454545,454.7532275,1250,0.091866664,2.40564855,5,918.6,0,1
1755335096,887425,2366466.667,1006.150794,505.2103477,1292,0.003047255,7.444096378,20,44235.95,0,1
1755335099,42899,114397.3333,498.8255814,535.0524685,1292,0.02984793,4.110511678,14,2963.428571,0,1
1755335102,1078068,2874848,933.3922078,545.1397957,1292,0.002271659,4.607288799,36,29870.47222,0,1
1755335105,30797,82125.33333,416.1756757,547.3967225,1489.1,0.030935412,3.266379231,11,2605.181818,0,1
1755335108,518126,1381669.333,835.6870968,574.237676,1292,0.00386223,6.452461174,21,24645.09524,0,1
1755335111,8617,22978.66667,210.1707317,349.3189822,575,0.055980653,1.558747626,7,876.8571429,0,1
1755335114,118275,315400,748.5759494,582.3073082,1292,0.014972331,7.02932376,13,9077.769231,0,1
1755335117,6601,17602.66667,134.7142857,280.4708868,76.2,0.051586832,2.433502454,9,706,0,1
1755335120,1954583,5212221.333,1105.533371,436.0567754,1292,0.001358765,23.23467307,10,195431.7,0,1
1755335126,66,176,66,0,66,0,0,0,0,0,1
1755335129,58115,154973.3333,450.503876,519.9971992,1292,0.012323126,3.054026585,16,3596.4375,0,1
1755335132,1794111,4784296,1099.332721,442.250772,1292,0.001537982,12.23397321,23,77873.86957,0,1
1755335135,785836,2095562.667,1111.507779,430.3242432,1292,0.001844489,16.77458698,6,130947.6667,0,1
1755335138,310831,828882.6667,1130.294545,410.9155682,1292,0.000338288,4.573596126,2,155377.5,0,1
1755335141,436744,1164650.667,1097.346734,444.8620873,1292,0.004642307,10.9079316,5,87348.8,0,1
1755335144,18097,48258.66667,282.765625,462.0888288,1337.6,0.040801919,3.102602827,9,1987.777778,0,1
1755335150,121,322.6666667,60.5,5.5,64.9,0.340295792,0,0,0,0,1
1755335153,10314,27504,412.56,514.7775504,1292,0.073529085,2.59158249,4,2387.25,0,1
1755335156,1453676,3876469.333,962.0622105,536.7564462,1292,0.001865557,5.983839488,39,37246.23077,0,1
1755335159,1056841,2818242.667,1054.731537,476.6090855,1292,0.002909211,11.78042322,27,39018.77778,0,1
1755335162,186585,497560,982.0263158,529.4813493,1292,0.014851555,5.007619539,8,23236.125,0,1
1755335165,1005960,2682560,958.970448,532.400845,1292,0.001312987,5.903104343,22,45592.95455,0,1
1755335168,1708861,4556962.667,1122.773325,418.8479607,1292,0.000951333,8.565900384,18,94641.66667,0,1
1755335171,1271822,3391525.333,932.4208211,546.0882208,1292,0.002026056,5.343473078,43,29182.65116,0,1
1755335174,4100395,10934386.67,1020.506471,501.8912386,1292,0.00065413,10.72930143,19,215307.6842,0,1
1755335177,1659098,4424261.333,1095.114191,445.8936939,1292,0.001902739,17.94570265,9,184253.3333,0,1
1755335180,747618,1993648,1096.214076,443.6011272,1292,0.002148482,10.55659801,6,124561,0,1
1755335183,127510,340026.6667,973.3587786,524.9369438,1292,0.018541162,6.824414999,7,18185.28571,0,1
1755335186,3844,10250.66667,226.1176471,406.8789215,656.2,0.151837751,2.188456943,4,911.5,0,1
1755335189,3952,10538.66667,263.4666667,384.1016995,875.2,0.09591542,1.780811961,2,1675,0,1
1755335192,198,528,66,0,66,0.50680542,1,1,132,0,1
1755335195,1530,4080,170,257.2296855,289.4,0.250092357,2.059364106,1,353,0,1
1755335198,1094270,2918053.333,994.7909091,513.9792407,1292,0.002105772,11.18704619,26,42030.07692,0,1
1755335201,644481,1718616,1083.161345,455.0426455,1292,0.003229034,9.492740864,10,64326.7,0,1
1755335204,66,176,66,0,66,0,0,0,0,0,1
1755335207,66,176,66,0,66,0,0,0,0,0,1
1755335264,318,848,63.6,4.8,66,0.672423244,0.890080042,0,0,0,1
1755335267,20616,54976,234.2727273,394.5472874,1175.3,0.023580691,3.363907034,13,1566,0,1
1755335270,21475,57266.66667,311.2318841,462.6296965,1292,0.033065529,3.033820017,12,1664.666667,0,1
1755335273,3751,10002.66667,96.17948718,202.0262577,66,0.059527736,2.260792638,9,409.4444444,0,1
1755335276,216594,577584,856.1027668,578.4661787,1292,0.011331571,6.853759958,7,30867.71429,0,1
1755335279,493,1314.666667,61.625,5.655473013,66,0.289611442,0.862085529,1,121,0,1
1755335282,120,320,60,6,64.8,0.036866903,0,0,0,0,1
1755335285,2184,5824,60.66666667,5.96284794,66,0.082867084,2.100437112,7,277.7142857,0,1
1755335288,31299,83464,359.7586207,501.7631892,1292,0.031232196,2.539539069,18,1585.555556,0,1
1755335291,308,821.3333333,61.6,5.388877434,66,0.336066246,0.170410477,0,0,0,1
1755335294,112540,300106.6667,608.3243243,571.2209803,1292,0.010348908,10.8902937,10,11110.8,0,1
1755335297,736391,1963709.333,976.6458886,527.1941549,1292,0.003952805,14.98130244,13,56309.53846,0,1
1755335300,843725,2249933.333,1107.250656,434.5165611,1292,0.003573845,9.046945336,9,93420.33333,0,1
1755335303,3806,10149.33333,223.8823529,388.2452049,582.8,0.020722941,1.425890598,5,461.8,0,1
1755335306,1190731,3175282.667,1152.692159,385.7644353,1292,0.000255535,4.299791996,5,238146.2,0,1
1755335309,867002,2312005.333,1091.942065,448.0515237,1292,0.001236951,13.85098895,8,108024.25,0,1
1755335312,4051,10802.66667,184.1363636,255.356488,727.7,0.032426618,1.97607885,4,718.25,0,1
1755335315,687265,1832706.667,1112.079288,430.6156485,1292,0.001622031,7.840869634,12,57153.58333,0,1
1755335318,21070,56186.66667,842.8,570.5522237,1292,0.005941252,4.298865529,2,10421.5,0,1
1755335321,4584,12224,254.6666667,410.357703,1011.1,0.098473815,2.823377179,4,816,0,1
1755335324,121,322.6666667,60.5,5.5,64.9,0.007320166,0,1,121,0,1
1755335333,17788,47434.66667,508.2285714,552.7639685,1292,0.01525015,1.779677175,6,2299.833333,0,1
1755335336,3874,10330.66667,168.4347826,266.3658527,331,0.106345816,1.518071682,4,806,0,1
1755335339,198,528,66,0,66,0.999220014,0.014092828,0,0,0,1
1755335342,9693,25848,359,505.3652878,1292,0.097435117,1.567891537,4,2253,0,1
1755335345,11544,30784,501.9130435,555.3311517,1292,0.112633001,2.567624862,4,2158.5,0,1
1755335351,602,1605.333333,100.3333333,48.15830377,152,0.215519762,1.821793979,1,453,0,1
1755335354,292.4259259,42109.33333,315.82,456.0662097,1285.3,0.05870914,3.274472707,5,3015.8,0.333333333,1
1755335357,1834027,4890738.667,1043.840068,485.198757,1292,0.001459297,14.84835858,24,76397.25,0,1
1755335360,32205,85880,388.0120482,489.8316774,1292,0.011396536,2.671148818,16,1929.8125,0,1
1755335363,198,528,66,0,66,1.007276535,0.291926244,0,0,0,1
1755335366,19450,51866.66667,381.372549,503.2256719,1292,0.037628279,2.559709023,8,2407.25,0,1
1755335369,3785,10093.33333,199.2105263,361.0529308,395,0.111474607,2.010392607,4,570.75,0,1
1755335372,114822,306192,588.8307692,567.051146,1292,0.007713392,4.704221254,15,7623.733333,0,1
1755335375,1781849,4751597.333,1116.446742,425.0643859,1292,0.00034817,7.639146172,5,356356.6,0,1
1755335378,688639,1836370.667,1117.920455,423.4919599,1292,0.002522057,12.83643091,8,86020.125,0,1
1755335381,290463,774568,1048.602888,483.1005244,1292,0.008547515,8.264090493,5,57793.6,0,1
1755335384,2061,5496,171.75,313.6670541,127.9,0.058050264,2.581618438,3,687,0,1
1755335387,4383,11688,438.3,471.8527419,1288,0.041550901,1.413201919,2,1409,0,1
1755335390,1356,3616,193.7142857,277.1135478,422.8,0.018645843,1.433908832,2,640.5,0,1
1755335396,8915,23773.33333,557.1875,573.4516347,1292,0.020153395,1.808481997,1,8473,0,1
1755335399,1436,3829.333333,179.5,263.4454403,349.3,0.015957696,1.719382838,2,280.5,0,1
1755335402,121,322.6666667,60.5,5.5,64.9,0.244531155,0,0,0,0,1
1755335405,155688,415168,662.5021277,576.041306,1292,0.007398197,7.602454915,13,11708.38462,0,1
1755335408,1368782,3650085.333,985.4442045,519.3763462,1292,0.002045416,6.901122537,26,52372.76923,0,1
1755335411,581091,1549576,1015.893357,506.3061114,1292,0.004318287,6.388352327,6,96627.16667,0,1
1755335414,2878,7674.666667,102.7857143,155.1140956,78.5,0.095653154,1.08309807,6,339.5,0,1
1755335417,3686,9829.333333,216.8235294,390.4435239,591.4,0.130218372,2.553829323,3,685.3333333,0,1
1755335420,46152,123072,480.75,542.7019593,1292,0.029587525,2.165642245,15,2673.4,0,1
1755335423,196424,523797.3333,581.1360947,578.967868,1292,0.008465792,5.159558413,29,6743.655172,0,1
1755335426,2504491,6678642.667,979.0817045,524.0061116,1292,0.001062725,10.46577104,19,131586.5263,0,1
1755335429,1144897,3053058.667,1110.472357,431.8982989,1292,0.000675376,7.12656825,6,190740.6667,0,1
1755335432,66,176,66,0,66,0,0,0,0,0,1
1755335435,2710,7226.666667,169.375,293.1622578,210.5,0.108224996,2.009553241,6,429.3333333,0,1
1755335438,198742,529978.6667,1003.747475,508.5258819,1292,0.014299131,4.378287266,15,12490.8,0,1
1755335441,291689,777837.3333,950.1270358,544.3608273,1292,0.008944726,9.783982419,3,96708,0,1
1755335444,2149,5730.666667,179.0833333,350.199576,191.1,0.184510166,2.644812324,4,520.75,0,1
1755335447,1539,4104,171,260.0367495,280.2,0.079383373,2.143082784,2,284,0,1
1755335450,800556,2134816,978.6748166,523.0409549,1292,0.002904885,16.7997279,6,133352.1667,0,1
1755335453,4298987,11463965.33,1067.806011,467.951946,1292,0.000744427,17.8916109,23,186903.2609,0,1
1755335456,3855648,10281728,1068.342477,467.5487574,1292,0.000827622,13.53541331,27,142769.963,0,1
1755335459,732418,1953114.667,1118.19542,423.3949395,1292,0.003898038,16.42710785,4,182934.25,0,1
1755335462,144491,385309.3333,659.7762557,576.8473601,1292,0.010494693,3.81234179,18,7981.722222,0,1
1755335465,1716212,4576565.333,1084.151611,455.7062131,1292,0.00178893,20.44720698,19,90255.36842,0,1
1755335468,1342232,3579285.333,1062.733175,472.553436,1292,0.001219067,16.64096784,8,167763.875,0,1
1755335471,242,645.3333333,60.5,5.5,66,0.176886956,0.50686901,0,0,0,1
1755335474,1488,3968,186,275.2371705,369.5,0.016174282,1.812337171,2,744,0,1
1755335477,380910,1015760,1120.323529,420.9036092,1292,0.000469135,4.032436918,4,95208.75,0,1
1755335483,15865,42306.66667,480.7575758,526.0224693,1292,0.011644125,2.120962118,6,2049.166667,0,1
1755335486,12943,34514.66667,719.0555556,577.3356882,1292,0.02091053,1.567452073,3,4062,0,1
1755335492,4416,11776,276,414.9028501,1047.5,0.017474794,1.436173979,2,1603,0,1
1755335498,1805,4813.333333,225.625,377.314172,466.7,0.017097848,1.508451647,1,365,0,1
1755335501,225835,602226.6667,648.9511494,581.0010044,1292,0.004163447,6.339594509,13,17069.23077,0,1
1755335504,2316010,6176026.667,1097.635071,443.6423857,1292,0.000896788,10.88579681,15,154204.9333,0,1
1755335507,2415,6440,142.0588235,249.2023677,137,0.046562821,1.375703573,4,215.75,0,1
1755335553,232395,619720,586.8560606,577.5005986,1292,0.007101524,3.763571509,35,6555.542857,0,1
1755335556,746324,1990197.333,1001.777181,515.7918536,1292,0.002457371,5.538365447,18,41207.83333,0,1
1755335559,1089027,2904072,1128.525389,413.1806949,1292,0.00182048,18.96964331,5,217560.4,0,1
1755335562,2919,7784,194.6,321.2232453,415.2,0.024207217,1.543223553,4,693.75,0,1
1755335565,70810,188826.6667,907.8205128,559.0652855,1292,0.038534647,7.365900181,4,17006.75,0,1
1755335568,896498,2390661.333,1082.727053,455.0264821,1292,0.002362647,10.8150747,9,99155.55556,0,1
1755335571,3430,9146.666667,190.5555556,301.0840086,459.5,0.079827239,1.265026238,4,257.25,0,1
1755335574,1185971,3162589.333,1014.517536,503.2598319,1292,0.002368404,7.297896695,28,42199.03571,0,1
1755335577,1481592,3950912,1099.919822,441.5525213,1292,0.001581962,14.18579378,13,113849.3846,0,1
1755335583,3135,8360,209,309.1722282,600.8,0.119491713,2.846146781,4,543.5,0,1
1755335586,8905,23746.66667,556.5625,573.171655,1292,0.034185266,1.22143351,3,2403.666667,0,1
1755335589,538200,1435200,869.4668821,567.6716583,1292,0.004808378,5.859034899,28,19185.85714,0,1
1755335592,708164,1888437.333,1074.603945,463.1490805,1292,0.004517795,11.35329274,10,70682,0,1
1755335595,2514199,6704530.667,986.347195,521.2846106,1292,0.001022448,11.87893739,24,104518.5833,0,1
1755335598,2603487,6942632,1057.468318,474.3987109,1292,0.000904746,9.445708441,30,86738.83333,0,1
1755335601,40906,109082.6667,338.0661157,474.1469545,1292,0.019407449,4.005141485,17,2107.882353,0,1
1755335604,1208472,3222592,1042.685073,489.9022371,1292,0.001998569,10.91153634,18,67042.38889,0,1
1755335607,2994,7984,149.7,267.4049551,146,0.107747053,2.166249273,7,399.4285714,0,1
1755335610,1134932,3026485.333,1105.09445,437.0105957,1292,0.000978013,11.80559091,6,188973.1667,0,1
1755335613,253,674.6666667,63.25,4.763139721,66,0.669754664,0.796242019,0,0,0,1
1755335616,840717,2241912,1087.602846,453.0172143,1292,0.001252489,9.160767364,15,56038,0,1
1755335619,845653,2255074.667,1105.428758,435.9391895,1292,0.000662733,12.22920168,3,281814.3333,0,1
1755335622,66,176,66,0,66,0,0,0,0,0,1
1755335625,705039,1880104,1091.391641,447.1334255,1292,0.000711826,7.06745834,4,175274.25,0,1
1755335628,566458,1510554.667,1132.916,408.3811075,1292,0.000303489,3.485167195,3,188819.3333,0,1
1755335631,109918,293114.6667,674.3435583,574.5544914,1292,0.009999845,2.759963623,20,4915.75,0,1
1755335634,2097863,5594301.333,1022.35039,500.5267026,1292,0.001425538,29.05839055,9,232919.5556,0,1
1755335637,221230,589946.6667,1038.638498,488.1445717,1292,0.007242779,11.54883038,4,55307.5,0,1
1755335640,648242,1728645.333,1115.73494,426.1262029,1292,0.002766227,17.23967751,6,108017,0,1
1755335643,497155,1325746.667,1076.093074,459.7704985,1292,0.000362785,3.305369096,2,248577.5,0,1
1755335646,28193,75181.33333,512.6,547.4320747,1292,0.029567502,1.920766916,9,2545.666667,0,1
1755335649,189809,506157.3333,993.7643979,515.2162683,1292,0.009249085,8.116860721,7,27088.57143,0,1
1755335652,735,1960,73.5,19.5,93,0.001602093,1.201313378,1,735,0,1
1755335655,545.6481481,78573.33333,685.2325581,586.2707461,1292,0.035927568,4.461606622,4,7320.75,0.333333333,1
1755335658,2742,7312,94.55172414,155.0427274,78.8,0.028018534,3.013285079,5,548.4,0,1
1755335664,1377,3672,229.5,138.1831514,377,0.16073122,0.786574397,2,595.5,0,1
1755335670,33885,90360,310.8715596,447.6125885,1245.2,0.02660148,2.034931492,19,1660.842105,0,1
1755335673,155874,415664,764.0882353,708.5701994,1514,0.012051143,6.336585765,11,14147.27273,0,1
1755335676,264,704,66,0,66,0.671785037,0.691009787,0,0,0,1
1755335679,115335,307560,674.4736842,580.2153393,1292,0.012311317,4.885778829,9,12704.88889,0,1
1755335682,1993491,5315976,1001.754271,512.2686112,1292,0.001478162,7.592299696,29,68660.93103,0,1
1755335685,1363608,3636288,1017.61791,504.1134766,1292,0.002125943,7.973052472,24,56773.375,0,1
1755335688,1379326,3678202.667,1042.574452,487.0048552,1292,0.00213325,7.603459177,21,65608.09524,0,1
1755335691,1230347,3280925.333,1103.450224,439.9212526,1292,0.00250091,11.00314683,10,122959,0,1
1755335694,24647,65725.33333,473.9807692,546.2519315,1292,0.058419059,2.756965886,10,2036.8,0,1
1755335697,7880,21013.33333,358.1818182,450.7747509,1236.3,0.141938278,2.592820184,5,1373.4,0,1
1755335700,971520,2590720,1110.308571,433.0660559,1292,0.002872777,14.12999937,8,121399.375,0,1
1755335703,121,322.6666667,60.5,5.5,64.9,0.014889956,0,0,0,0,1
1755335706,12611,33629.33333,630.55,574.6943079,1292,0.106499157,3.234797491,2,4301.5,0,1
1755335709,24056,64149.33333,829.5172414,568.2289862,1292,0.069757427,4.470476551,3,7625,0,1
1755335712,68,181.3333333,68,0,68,0,0,0,0,0,1
1755335727,121,322.6666667,60.5,5.5,64.9,0.03015399,0,0,0,0,1
1755335730,1202,3205.333333,1202,0,1202,0,0,0,0,0,1
1755335733,137983,367954.6667,572.5435685,562.9742659,1292,0.012458408,9.094943267,13,10604.76923,0,1
1755335736,3120185,8320493.333,1087.172474,451.7898179,1292,0.000961247,17.02772107,17,183532.4118,0,1
1755335739,1023224,2728597.333,1009.096647,505.4665649,1292,0.001508281,14.84956002,18,56823.5,0,1
1755335742,767956,2047882.667,1092.398293,446.9182423,1292,0.001661341,15.14755059,7,109677.2857,0,1
1755335745,546616,1457642.667,1082.407921,457.5222247,1292,0.003741568,13.26445627,6,91079.16667,0,1
1755335748,200544,534784,915.7260274,551.8754308,1292,0.013546528,5.98281595,12,16440.5,0,1
1755335751,19266,51376,131.9589041,201.8870523,248.5,0.015342551,5.882705084,18,943.7222222,0,1
1755335754,726,1936,55.84615385,4.329614548,63.6,0.165257593,2.499219991,1,594,0,1
1755335757,2376,6336,132,102.2078492,315.4,0.034968881,1.697172345,4,522,0,1
1755335760,128879,343677.3333,619.6105769,580.8570899,1292,0.012932942,6.548084669,15,8555.6,0,1
1755335763,1859344,4958250.667,1084.798133,454.7688105,1292,0.001693202,17.27239996,11,168995.5455,0,1
1755335766,521032,1389418.667,964.8740741,526.7737047,1292,0.004675918,8.415472454,17,30448.29412,0,1
1755335769,1809023,4824061.333,1100.378954,440.3422821,1292,0.001800933,14.2211123,18,100483.7222,0,1
1755335772,828730,2209946.667,1109.410977,432.2640605,1292,0.001085539,10.59097268,13,63726.07692,0,1
1755335775,475729,1268610.667,1101.224537,438.4211077,1292,0.004257831,10.19020997,5,95021.4,0,1
1755335778,4612,12298.66667,118.2564103,88.78487916,217.8,0.077206687,3.381067696,6,606,0,1
1755335781,995871,2655656,888.3773417,563.0272764,1292,0.001981743,22.90350831,9,110646.3333,0,1
1755335784,664732,1772618.667,874.6473684,562.3997074,1292,0.002659893,6.887892686,27,24590.81481,0,1
1755335787,2024350,5398266.667,1112.28022,428.6968172,1292,0.001647245,16.29552383,18,112380.3333,0,1
1755335790,1332717,3553912,1012.702888,503.1988168,1292,0.002256268,14.89197844,21,63356.52381,0,1
1755335793,14368,38314.66667,399.1111111,470.5110565,1292,0.038220944,4.028293408,5,2148,0,1
1755335796,1086014,2896037.333,1140.771008,399.2436127,1292,0.000854319,20.82977628,5,217187.8,0,1
1755335799,790940,2109173.333,1120.311615,419.7017244,1292,0.001080498,8.992856789,7,112945.4286,0,1
1755335802,5651,15069.33333,209.2962963,311.8544075,628.8,0.013071234,1.989011784,5,933,0,1
